{
  "x": 793.2166748046875,
  "y": 70,
  "width": 69.48333740234375,
  "height": 52
}